Item,Path,Category,PSize,LSize,MD5,Created,Accessed,Modified
223169,LRTHSd87.E01/Pwerc2fq/NONAME [NTFS]/[root]/Users/username/Desktop/New folder (2)/new folder/pm/vw/erthfn8- b44 xyzs 6- g73.avi,Riff Avi,1306624,1306250,df2fa647fc02fe65916f8dd3478fbb8,5/6/2018 9:42:55 PM (2018-05-07 02:42:55 UTC),5/6/2018 9:42:55 PM (2018-05-07 02:42:55 UTC),5/6/2018 9:42:55 PM (2018-05-07 02:42:55 UTC)
447362,LRTHSd87.E01/Pwerc2fq/NONAME [NTFS]/[root]/Users/username/AppData/Local/Temp/Rar$ML4076.4985/New folder (2).rar/New folder (2)/new folder/pm/vw/erthfn8- b44 xyzs 6- g73.avi,Riff Avi,n/a,1306250,df2fa647fc02fe65916f8dd3478fbb8,n/a,n/a,5/6/2018 4:42:54 PM (2018-05-06 21:42:54 UTC)
233102,LRTHSd87.E01/Pwerc2fq/NONAME [NTFS]/[root]/Users/username/Desktop/New folder (2)/new folder/__hr_12.jpg,JPEG,126976,124227,cddb4bfeaa50a1cdff5eb80de6d90d48,5/5/2018 1:47:35 AM (2018-05-05 06:47:35 UTC),5/5/2018 1:47:35 AM (2018-05-05 06:47:35 UTC),4/7/2018 7:07:06 AM (2018-04-07 12:07:06 UTC)
446899,LRTHSd87.E01/Pwerc2fq/NONAME [NTFS]/[root]/Users/username/AppData/Local/Temp/Rar$ML4076.4985/New folder (2).rar/New folder (2)/new folder/_4tfd2.jpg,JPEG,n/a,124227,cddb4bfeaa50a1cdff5eb80de6d90d48,n/a,n/a,4/7/2018 2:07:06 AM (2018-04-07 07:07:06 UTC)
233050,LRTHSd87.E01/Pwerc2fq/NONAME [NTFS]/[root]/Users/username/Desktop/New folder (2)/new folder/__hrref1.jpg,JPEG,122880,120362,91efb0ce08b8939ecc92cdffae76489,5/5/2018 1:47:36 AM (2018-05-05 06:47:36 UTC),5/5/2018 1:47:36 AM (2018-05-05 06:47:36 UTC),4/7/2018 7:07:06 AM (2018-04-07 12:07:06 UTC)
446901,LRTHSd87.E01/Pwerc2fq/NONAME [NTFS]/[root]/Users/username/AppData/Local/Temp/Rar$ML4076.4985/New folder (2).rar/New folder (2)/new folder/_45trgfb1.jpg,JPEG,n/a,120362,91efb0ce08b8939ecc92cdffae76489,n/a,n/a,4/7/2018 2:07:06 AM (2018-04-07 07:07:06 UTC)
233049,LRTHSd87.E01/Pwerc2fq/NONAME [NTFS]/[root]/Users/username/Desktop/New folder (2)/new folder/__hr_etnymdfhg2001dl14.jpg,JPEG,45056,42223,c755881c8e0b674a7fc4dc25a2b8c412,5/5/2018 1:47:36 AM (2018-05-05 06:47:36 UTC),5/5/2018 1:47:36 AM (2018-05-05 06:47:36 UTC),4/7/2018 7:07:06 AM (2018-04-07 12:07:06 UTC)
446902,LRTHSd87.E01/Pwerc2fq/NONAME [NTFS]/[root]/Users/username/AppData/Local/Temp/Rar$ML4076.4985/New folder (2).rar/New folder (2)/new folder/__hr_eteytgb10052001dl14.jpg,JPEG,n/a,42223,c755881c8e0b674a7fc4dc25a2b8c412,n/a,n/a,4/7/2018 2:07:06 AM (2018-04-07 07:07:06 UTC)
233046,LRTHSd87.E01/Pwerc2fq/NONAME [NTFS]/[root]/Users/username/Desktop/New folder (2)/new folder/__gfsdfq.jpg,JPEG,24576,21474,6e42c890ff2425c6ad8c1958eeb13ab3,5/5/2018 1:47:36 AM (2018-05-05 06:47:36 UTC),5/5/2018 1:47:36 AM (2018-05-05 06:47:36 UTC),4/7/2018 7:07:06 AM (2018-04-07 12:07:06 UTC)
446905,LRTHSd87.E01/Pwerc2fq/NONAME [NTFS]/[root]/Users/username/AppData/Local/Temp/Rar$ML4076.4985/New folder (2).rar/New folder (2)/new folder/__tnerfdgvbits.jpg,JPEG,n/a,21474,6e42c890ff2425c6ad8c1958eeb13ab3,n/a,n/a,4/7/2018 2:07:06 AM (2018-04-07 07:07:06 UTC)
233029,LRTHSd87.E01/Pwerc2fq/NONAME [NTFS]/[root]/Users/username/Desktop/New folder (2)/new folder/000dfsg).jpg,JPEG EXIF,913408,911123,36419cbf520516f9bca2467402718475,5/5/2018 1:47:37 AM (2018-05-05 06:47:37 UTC),5/5/2018 1:47:37 AM (2018-05-05 06:47:37 UTC),4/7/2018 7:07:12 AM (2018-04-07 12:07:12 UTC)
439559,LRTHSd87.E01/Pwerc2fq/NONAME [NTFS]/[root]/Users/username/AppData/Local/Temp/Rar$ML4076.4985/New folder (2).rar/New folder (2)/new folder/00fg).jpg,JPEG EXIF,n/a,911123,36419cbf520516f9bca2467402718475,n/a,n/a,4/7/2018 2:07:12 AM (2018-04-07 07:07:12 UTC)
447363,LRTHSd87.E01/Pwerc2fq/NONAME [NTFS]/[root]/Users/username/AppData/Local/Temp/Rar$ML4076.4985/New folder (2).rar/New folder (2)/new folder/pm/vw/007ljfd elly.wmv,Windows Media ljfd,n/a,3937718,7fc0395ba9994f961ff0ec912473f87e,n/a,n/a,4/14/2018 1:50:00 AM (2018-04-14 06:50:00 UTC)
218519,LRTHSd87.E01/Pwerc2fq/NONAME [NTFS]/[root]/Users/username/Desktop/New folder (2)/new folder/pm/rtfghchy4desdfa1.jpg,JPEG EXIF,131072,130911,2139d847a5d24ff182cd9ce07eb17320,5/7/2018 6:32:57 AM (2018-05-07 11:32:57 UTC),5/7/2018 6:32:57 AM (2018-05-07 11:32:57 UTC),5/7/2018 6:32:58 AM (2018-05-07 11:32:58 UTC)
217616,LRTHSd87.E01/Pwerc2fq/NONAME [NTFS]/[root]/Users/username/Desktop/New folder (2)/new folder/pm/rtfghchy4desdfa2.jpg,JPEG,106496,105913,64b435aad43693109de0131fd419c31a,5/7/2018 6:34:54 AM (2018-05-07 11:34:54 UTC),5/7/2018 6:34:54 AM (2018-05-07 11:34:54 UTC),5/7/2018 6:34:54 AM (2018-05-07 11:34:54 UTC)
sfg5216,LRTHSd87.E01/Pwerc2fq/NONAME [NTFS]/[root]/Users/username/Desktop/New folder (2)/new folder/pm/rtfghchy4desdfa3.jpg,JPEG,102400,99086,466c812bfc3752317c92308f645e95c8,5/7/2018 6:23:19 AM (2018-05-07 11:23:19 UTC),5/7/2018 6:23:19 AM (2018-05-07 11:23:19 UTC),5/7/2018 6:23:19 AM (2018-05-07 11:23:19 UTC)
sfg5073,LRTHSd87.E01/Pwerc2fq/NONAME [NTFS]/[root]/Users/username/Desktop/New folder (2)/new folder/pm/rtfghchy4desdfa4.jpg,JPEG,131072,130659,d38dd1a9dce1c155d430b0443fd520a9,5/7/2018 6:20:23 AM (2018-05-07 11:20:23 UTC),5/7/2018 6:20:23 AM (2018-05-07 11:20:23 UTC),5/7/2018 6:20:24 AM (2018-05-07 11:20:24 UTC)
447023,LRTHSd87.E01/Pwerc2fq/NONAME [NTFS]/[root]/Users/username/AppData/Local/Temp/Rar$ML4076.4985/New folder (2).rar/New folder (2)/new folder/pm/rtfghchy4desdfa4.jpg,JPEG,n/a,130659,d38dd1a9dce1c155d430b0443fd520a9,n/a,n/a,5/7/2018 1:20:24 AM (2018-05-07 06:20:24 UTC)
215ed2,LRTHSd87.E01/Pwerc2fq/NONAME [NTFS]/[root]/Users/username/Desktop/New folder (2)/new folder/pm/rtfghchy4desdfa5.jpg,JPEG,106496,103136,5c420e942e95b9caa642e72f2bcdf12f,5/7/2018 6:33:07 AM (2018-05-07 11:33:07 UTC),5/7/2018 6:33:07 AM (2018-05-07 11:33:07 UTC),5/7/2018 6:33:07 AM (2018-05-07 11:33:07 UTC)
218654,LRTHSd87.E01/Pwerc2fq/NONAME [NTFS]/[root]/Users/username/Desktop/New folder (2)/new folder/pm/rtfghchy4desdfa6.jpg,JPEG,135168,133979,37106844dd3161d58477960b6bd1a53d,5/7/2018 6:35:05 AM (2018-05-07 11:35:05 UTC),5/7/2018 6:35:05 AM (2018-05-07 11:35:05 UTC),5/7/2018 6:35:05 AM (2018-05-07 11:35:05 UTC)
218116,LRTHSd87.E01/Pwerc2fq/NONAME [NTFS]/[root]/Users/username/Desktop/New folder (2)/new folder/pm/rtfghchy4desdfa7.jpg,JPEG,98304,95137,c65e458b42a16b93c0ac63349743966f,5/7/2018 6:23:28 AM (2018-05-07 11:23:28 UTC),5/7/2018 6:23:28 AM (2018-05-07 11:23:28 UTC),5/7/2018 6:23:28 AM (2018-05-07 11:23:28 UTC)
217608,LRTHSd87.E01/Pwerc2fq/NONAME [NTFS]/[root]/Users/username/Desktop/New folder (2)/new folder/pm/rtfghchy4desdfa8.jpg,JPEG,126976,122957,74f5022bc3b2e322716978d581c6a7cd,5/7/2018 6:35:32 AM (2018-05-07 11:35:32 UTC),5/7/2018 6:35:32 AM (2018-05-07 11:35:32 UTC),5/7/2018 6:35:33 AM (2018-05-07 11:35:33 UTC)
218041,LRTHSd87.E01/Pwerc2fq/NONAME [NTFS]/[root]/Users/username/Desktop/New folder (2)/new folder/pm/rtfghchy4desdfa9.jpg,JPEG,61440,59500,dee0d5d225e4c1cb320924269e79bbc8,5/7/2018 6:33:13 AM (2018-05-07 11:33:13 UTC),5/7/2018 6:33:13 AM (2018-05-07 11:33:13 UTC),5/7/2018 6:33:13 AM (2018-05-07 11:33:13 UTC)
220525,LRTHSd87.E01/Pwerc2fq/NONAME [NTFS]/[root]/Users/username/Desktop/New folder (2)/new folder/pm/dfb4.jpg,JPEG,28672,24685,13705edc4d7982725dc9d2aa875c99b2,5/7/2018 5:31:05 AM (2018-05-07 10:31:05 UTC),5/7/2018 5:31:05 AM (2018-05-07 10:31:05 UTC),5/7/2018 5:31:06 AM (2018-05-07 10:31:06 UTC)
447029,LRTHSd87.E01/Pwerc2fq/NONAME [NTFS]/[root]/Users/username/AppData/Local/Temp/Rar$ML4076.4985/New folder (2).rar/New folder (2)/new folder/pm/34rtg4.jpg,JPEG,n/a,24685,13705edc4d7982725dc9d2aa875c99b2,n/a,n/a,5/7/2018 12:31:06 AM (2018-05-07 05:31:06 UTC)
220220,LRTHSd87.E01/Pwerc2fq/NONAME [NTFS]/[root]/Users/username/Desktop/New folder (2)/new folder/pm/045rthgbdf5.JPG,JPEG,12288,10306,8efbacbcdfcc53a907feae1d4bdfb40e,5/7/2018 5:14:54 AM (2018-05-07 10:14:54 UTC),5/7/2018 5:14:54 AM (2018-05-07 10:14:54 UTC),5/7/2018 5:14:54 AM (2018-05-07 10:14:54 UTC)
447030,LRTHSd87.E01/Pwerc2fq/NONAME [NTFS]/[root]/Users/username/AppData/Local/Temp/Rar$ML4076.4985/New folder (2).rar/New folder (2)/new folder/pm/0efgd5.JPG,JPEG,n/a,10306,8efbacbcdfcc53a907feae1d4bdfb40e,n/a,n/a,5/7/2018 12:14:54 AM (2018-05-07 05:14:54 UTC)
233040,LRTHSd87.E01/Pwerc2fq/NONAME [NTFS]/[root]/Users/username/Desktop/New folder (2)/new folder/14rtyg.jpg,JPEG,4599808,4596088,d2ccc6b7dbaa4f3cb66e23743d69cb5b,5/5/2018 1:47:36 AM (2018-05-05 06:47:36 UTC),5/5/2018 1:47:36 AM (2018-05-05 06:47:36 UTC),4/7/2018 7:07:08 AM (2018-04-07 12:07:08 UTC)
439585,LRTHSd87.E01/Pwerc2fq/NONAME [NTFS]/[root]/Users/username/AppData/Local/Temp/Rar$ML4076.4985/New folder (2).rar/New folder (2)/new folder/4rftg1.jpg,JPEG,n/a,4596088,d2ccc6b7dbaa4f3cb66e23743d69cb5b,n/a,n/a,4/7/2018 2:07:08 AM (2018-04-07 07:07:08 UTC)
sfg5690,LRTHSd87.E01/Pwerc2fq/NONAME [NTFS]/[root]/Users/username/Desktop/New folder (2)/new folder/pm/145tg9.jpg,JPEG,122880,121356,11b6cc7a1e3ccaeb3b86e7d1d105ddb8,5/7/2018 5:22:45 AM (2018-05-07 10:22:45 UTC),5/7/2018 5:22:45 AM (2018-05-07 10:22:45 UTC),5/7/2018 5:22:46 AM (2018-05-07 10:22:46 UTC)
447055,LRTHSd87.E01/Pwerc2fq/NONAME [NTFS]/[root]/Users/username/AppData/Local/Temp/Rar$ML4076.4985/New folder (2).rar/New folder (2)/new folder/pm/10df9.jpg,JPEG,n/a,121356,11b6cc7a1e3ccaeb3b86e7d1d105ddb8,n/a,n/a,5/7/2018 12:22:46 AM (2018-05-07 05:22:46 UTC)
232548,LRTHSd87.E01/Pwerc2fq/NONAME [NTFS]/[root]/Users/username/Desktop/New folder (2)/new folder/10ki1_jklsd_lkdsa_lkiafs.jpg,JPEG EXIF,344064,343494,c624b8c3b9d67f254dfd2ea7376b154d,5/5/2018 1:47:39 AM (2018-05-05 06:47:39 UTC),5/5/2018 1:47:39 AM (2018-05-05 06:47:39 UTC),4/7/2018 7:14:10 AM (2018-04-07 12:14:10 UTC)
439589,LRTHSd87.E01/Pwerc2fq/NONAME [NTFS]/[root]/Users/username/AppData/Local/Temp/Rar$ML4076.4985/New folder (2).rar/New folder (2)/new folder/10ki1_jklsd_lkdsa_lkiafs.jpg,JPEG EXIF,n/a,343494,c624b8c3b9d67f254dfd2ea7376b154d,n/a,n/a,4/7/2018 2:14:10 AM (2018-04-07 07:14:10 UTC)
220315,LRTHSd87.E01/Pwerc2fq/NONAME [NTFS]/[root]/Users/username/Desktop/New folder (2)/new folder/pm/145tg00.jpg,GIF,192512,188788,771c63f9e3f29edcb6d93e034f74b90e,5/7/2018 5:24:00 AM (2018-05-07 10:24:00 UTC),5/7/2018 5:24:00 AM (2018-05-07 10:24:00 UTC),5/7/2018 5:24:00 AM (2018-05-07 10:24:00 UTC)
447057,LRTHSd87.E01/Pwerc2fq/NONAME [NTFS]/[root]/Users/username/AppData/Local/Temp/Rar$ML4076.4985/New folder (2).rar/New folder (2)/new folder/pm/1dsfg.jpg,GIF,n/a,188788,771c63f9e3f29edcb6d93e034f74b90e,n/a,n/a,5/7/2018 12:24:00 AM (2018-05-07 05:24:00 UTC)
df540,LRTHSd87.E01/Pwerc2fq/NONAME [NTFS]/[root]/Users/username/Desktop/New folder (2)/new folder/11ewrfgvh55.jpg,JPEG,65536,65386,689cf7d6d12d90202fe7416384578e20,5/5/2018 1:48:15 AM (2018-05-05 06:48:15 UTC),5/5/2018 1:48:15 AM (2018-05-05 06:48:15 UTC),4/7/2018 7:18:38 AM (2018-04-07 12:18:38 UTC)
439595,LRTHSd87.E01/Pwerc2fq/NONAME [NTFS]/[root]/Users/username/AppData/Local/Temp/Rar$ML4076.4985/New folder (2).rar/New folder (2)/new folder/11fdsg155.jpg,JPEG,n/a,65386,689cf7d6d12d90202fe7416384578e20,n/a,n/a,4/7/2018 2:18:38 AM (2018-04-07 07:18:38 UTC)
232033,LRTHSd87.E01/Pwerc2fq/NONAME [NTFS]/[root]/Users/username/Desktop/New folder (2)/new folder/1qwergf9.jpg,JPEG EXIF,208896,206296,cce912d8494b3bef7a434608ea9d2742,5/5/2018 1:47:43 AM (2018-05-05 06:47:43 UTC),5/5/2018 1:47:43 AM (2018-05-05 06:47:43 UTC),4/7/2018 7:14:32 AM (2018-04-07 12:14:32 UTC)
439597,LRTHSd87.E01/Pwerc2fq/NONAME [NTFS]/[root]/Users/username/AppData/Local/Temp/Rar$ML4076.4985/New folder (2).rar/New folder (2)/new folder/11sdaf9.jpg,JPEG EXIF,n/a,206296,cce912d8494b3bef7a434608ea9d2742,n/a,n/a,4/7/2018 2:14:32 AM (2018-04-07 07:14:32 UTC)
232547,LRTHSd87.E01/Pwerc2fq/NONAME [NTFS]/[root]/Users/username/Desktop/New folder (2)/new folder/45tdf.jpg,JPEG,5296128,5295609,184cd137c0b6379d41cc26b621a6535c,5/5/2018 1:47:39 AM (2018-05-05 06:47:39 UTC),5/5/2018 1:47:39 AM (2018-05-05 06:47:39 UTC),4/7/2018 7:14:12 AM (2018-04-07 12:14:12 UTC)
439598,LRTHSd87.E01/Pwerc2fq/NONAME [NTFS]/[root]/Users/username/AppData/Local/Temp/Rar$ML4076.4985/New folder (2).rar/New folder (2)/new folder/1sd2.jpg,JPEG,n/a,5295609,184cd137c0b6379d41cc26b621a6535c,n/a,n/a,4/7/2018 2:14:12 AM (2018-04-07 07:14:12 UTC)
df538,LRTHSd87.E01/Pwerc2fq/NONAME [NTFS]/[root]/Users/username/Desktop/New folder (2)/new folder/120sdfbg90.jpg,JPEG EXIF,28672,27814,ec53801ee951d55b5b0fa63d5e3a82e6,5/5/2018 1:48:16 AM (2018-05-05 06:48:16 UTC),5/5/2018 1:48:16 AM (2018-05-05 06:48:16 UTC),4/7/2018 7:18:40 AM (2018-04-07 12:18:40 UTC)
439599,LRTHSd87.E01/Pwerc2fq/NONAME [NTFS]/[root]/Users/username/AppData/Local/Temp/Rar$ML4076.4985/New folder (2).rar/New folder (2)/new folder/12234tr90.jpg,JPEG EXIF,n/a,27814,ec53801ee951d55b5b0fa63d5e3a82e6,n/a,n/a,4/7/2018 2:18:40 AM (2018-04-07 07:18:40 UTC)
df536,LRTHSd87.E01/Pwerc2fq/NONAME [NTFS]/[root]/Users/username/Desktop/New folder (2)/new folder/1sdgfh5.jpg,JPEG EXIF,266240,262792,1267556f9e1b4c602067ff6c8519fd30,5/5/2018 1:48:16 AM (2018-05-05 06:48:16 UTC),5/5/2018 1:48:16 AM (2018-05-05 06:48:16 UTC),4/7/2018 7:12:08 AM (2018-04-07 12:12:08 UTC)
439601,LRTHSd87.E01/Pwerc2fq/NONAME [NTFS]/[root]/Users/username/AppData/Local/Temp/Rar$ML4076.4985/New folder (2).rar/New folder (2)/new folder/12dsfhgj685.jpg,JPEG EXIF,n/a,262792,1267556f9e1b4c602067ff6c8519fd30,n/a,n/a,4/7/2018 2:12:08 AM (2018-04-07 07:12:08 UTC)
220419,LRTHSd87.E01/Pwerc2fq/NONAME [NTFS]/[root]/Users/username/Desktop/New folder (2)/new folder/pm/12sdfh6.jpg,JPEG,1171456,1171242,bb06ec98481012da8a391af3cb05646a,5/7/2018 5:44:44 AM (2018-05-07 10:44:44 UTC),5/7/2018 5:44:44 AM (2018-05-07 10:44:44 UTC),5/7/2018 5:44:44 AM (2018-05-07 10:44:44 UTC)
447076,LRTHSd87.E01/Pwerc2fq/NONAME [NTFS]/[root]/Users/username/AppData/Local/Temp/Rar$ML4076.4985/New folder (2).rar/New folder (2)/new folder/pm/12dfg.jpg,JPEG,n/a,1171242,bb06ec98481012da8a391af3cb05646a,n/a,n/a,5/7/2018 12:44:44 AM (2018-05-07 05:44:44 UTC)
df534,LRTHSd87.E01/Pwerc2fq/NONAME [NTFS]/[root]/Users/username/Desktop/New folder (2)/new folder/12356yet005.jpg,JPEG EXIF,45056,41989,29da6849b15c5a1452d644724d1448ee,5/5/2018 1:48:16 AM (2018-05-05 06:48:16 UTC),5/5/2018 1:48:16 AM (2018-05-05 06:48:16 UTC),4/7/2018 7:12:08 AM (2018-04-07 12:12:08 UTC)
439604,LRTHSd87.E01/Pwerc2fq/NONAME [NTFS]/[root]/Users/username/AppData/Local/Temp/Rar$ML4076.4985/New folder (2).rar/New folder (2)/new folder/123yuik5.jpg,JPEG EXIF,n/a,41989,29da6849b15c5a1452d644724d1448ee,n/a,n/a,4/7/2018 2:12:08 AM (2018-04-07 07:12:08 UTC)
421253,LRTHSd87.E01/Pwerc2fq/NONAME [NTFS]/[root]/Users/username/Desktop/New folder (2)/new folder/pm/vw/lksfijklesdf.rar/1dtshj8.jpg,JPEG,n/a,26822,b1c7b05f973f4b77c8665f25d9eb8e5d,n/a,n/a,5/7/2009 5:25:30 PM (2009-05-07 22:25:30 UTC)
439605,LRTHSd87.E01/Pwerc2fq/NONAME [NTFS]/[root]/Users/username/AppData/Local/Temp/Rar$ML4076.4985/New folder (2).rar/New folder (2)/new folder/1dedsx8.jpg,JPEG,n/a,26822,b1c7b05f973f4b77c8665f25d9eb8e5d,n/a,n/a,5/7/2009 5:25:30 PM (2009-05-07 22:25:30 UTC)
582234,LRTHSd87.E01/Pwerc2fq/NONAME [NTFS]/[root]/Users/username/AppData/Local/Temp/Rar$ML4076.4985/New folder (2).rar/New folder (2)/new folder/pm/vw/lksfijklesdf.rar/1jhygt858.jpg,JPEG,n/a,26822,b1c7b05f973f4b77c8665f25d9eb8e5d,n/a,n/a,5/7/2009 5:25:30 PM (2009-05-07 22:25:30 UTC)
421258,LRTHSd87.E01/Pwerc2fq/NONAME [NTFS]/[root]/Users/username/Desktop/New folder (2)/new folder/pm/vw/lksfijklesdf.rar/1sdfu13.jpg,JPEG,n/a,109074,ad0d7e7e919f1a24b406234a387327e9,n/a,n/a,11/11/2009 2:40:38 PM (2009-11-11 20:40:38 UTC)
439610,LRTHSd87.E01/Pwerc2fq/NONAME [NTFS]/[root]/Users/username/AppData/Local/Temp/Rar$ML4076.4985/New folder (2).rar/New folder (2)/new folder/125413057813.jpg,JPEG,n/a,109074,ad0d7e7e919f1a24b406234a387327e9,n/a,n/a,11/11/2009 2:40:38 PM (2009-11-11 20:40:38 UTC)
582239,LRTHSd87.E01/Pwerc2fq/NONAME [NTFS]/[root]/Users/username/AppData/Local/Temp/Rar$ML4076.4985/New folder (2).rar/New folder (2)/new folder/pm/vw/lksfijklesdf.rar/12uy3.jpg,JPEG,n/a,109074,ad0d7e7e919f1a24b406234a387327e9,n/a,n/a,11/11/2009 2:40:38 PM (2009-11-11 20:40:38 UTC)
421261,LRTHSd87.E01/Pwerc2fq/NONAME [NTFS]/[root]/Users/username/Desktop/New folder (2)/new folder/pm/vw/lksfijklesdf.rar/12sdafv92.jpg,JPEG,n/a,114842,ea6d5deeb30809a127490b4c7020c5b0,n/a,n/a,11/11/2009 1:14:50 PM (2009-11-11 19:14:50 UTC)
439613,LRTHSd87.E01/Pwerc2fq/NONAME [NTFS]/[root]/Users/username/AppData/Local/Temp/Rar$ML4076.4985/New folder (2).rar/New folder (2)/new folder/12573843692.jpg,JPEG,n/a,114842,ea6d5deeb30809a127490b4c7020c5b0,n/a,n/a,11/11/2009 1:14:50 PM (2009-11-11 19:14:50 UTC)
58df2,LRTHSd87.E01/Pwerc2fq/NONAME [NTFS]/[root]/Users/username/AppData/Local/Temp/Rar$ML4076.4985/New folder (2).rar/New folder (2)/new folder/pm/vw/lksfijklesdf.rar/1257uy92.jpg,JPEG,n/a,114842,ea6d5deeb30809a127490b4c7020c5b0,n/a,n/a,11/11/2009 1:14:50 PM (2009-11-11 19:14:50 UTC)
df960,LRTHSd87.E01/Pwerc2fq/NONAME [NTFS]/[root]/Users/username/Desktop/New folder (2)/new folder/13er542.jpg,JPEG,57344,56873,011a0e905aec6f0eabbbdfd4ce7aa339,5/5/2018 1:48:14 AM (2018-05-05 06:48:14 UTC),5/5/2018 1:48:14 AM (2018-05-05 06:48:14 UTC),4/7/2018 7:18:32 AM (2018-04-07 12:18:32 UTC)
439628,LRTHSd87.E01/Pwerc2fq/NONAME [NTFS]/[root]/Users/username/AppData/Local/Temp/Rar$ML4076.4985/New folder (2).rar/New folder (2)/new folder/13sdfgsd2.jpg,JPEG,n/a,56873,011a0e905aec6f0eabbbdfd4ce7aa339,n/a,n/a,4/7/2018 2:18:32 AM (2018-04-07 07:18:32 UTC)
df957,LRTHSd87.E01/Pwerc2fq/NONAME [NTFS]/[root]/Users/username/Desktop/New folder (2)/new folder/136jhkg,JPEG,462848,458794,42476c3ebf6bce8cf52e564b41beeff0,5/5/2018 1:48:14 AM (2018-05-05 06:48:14 UTC),5/5/2018 1:48:14 AM (2018-05-05 06:48:14 UTC),4/7/2018 7:12:04 AM (2018-04-07 12:12:04 UTC)
439631,LRTHSd87.E01/Pwerc2fq/NONAME [NTFS]/[root]/Users/username/AppData/Local/Temp/Rar$ML4076.4985/New folder (2).rar/New folder (2)/new folder/136dsfgh13.jpg,JPEG,n/a,458794,42476c3ebf6bce8cf52e564b41beeff0,n/a,n/a,4/7/2018 2:12:04 AM (2018-04-07 07:12:04 UTC)
df978,LRTHSd87.E01/Pwerc2fq/NONAME [NTFS]/[root]/Users/username/Desktop/New folder (2)/new folder/136wrefd37.jpg,JPEG,155648,154134,0bab17bf194eee62f04b4624f011795e,5/5/2018 1:48:12 AM (2018-05-05 06:48:12 UTC),5/5/2018 1:48:12 AM (2018-05-05 06:48:12 UTC),4/7/2018 7:12:00 AM (2018-04-07 12:12:00 UTC)
439632,LRTHSd87.E01/Pwerc2fq/NONAME [NTFS]/[root]/Users/username/AppData/Local/Temp/Rar$ML4076.4985/New folder (2).rar/New folder (2)/new folder/13ukjpg,JPEG,n/a,154134,0bab17bf194eee62f04b4624f011795e,n/a,n/a,4/7/2018 2:12:00 AM (2018-04-07 07:12:00 UTC)
df977,LRTHSd87.E01/Pwerc2fq/NONAME [NTFS]/[root]/Users/username/Desktop/New folder (2)/new folder/137thyj12.jpg,JPEG EXIF,86016,85df,75ccbebeasdaf5652d09680729d5a06928,5/5/2018 1:48:12 AM (2018-05-05 06:48:12 UTC),5/5/2018 1:48:12 AM (2018-05-05 06:48:12 UTC),4/7/2018 7:12:00 AM (2018-04-07 12:12:00 UTC)
439635,LRTHSd87.E01/Pwerc2fq/NONAME [NTFS]/[root]/Users/username/AppData/Local/Temp/Rar$ML4076.4985/New folder (2).rar/New folder (2)/new folder/1ffgh12.jpg,JPEG EXIF,n/a,85df,75ccbebeasdaf5652d09680729d5a06928,n/a,n/a,4/7/2018 2:12:00 AM (2018-04-07 07:12:00 UTC)
df976,LRTHSd87.E01/Pwerc2fq/NONAME [NTFS]/[root]/Users/username/Desktop/New folder (2)/new folder/137htyu206.jpg,JPEG EXIF,1794048,1792792,54212f67d853c14b9488aa3e7e08b0d4,5/5/2018 1:48:12 AM (2018-05-05 06:48:12 UTC),5/5/2018 1:48:12 AM (2018-05-05 06:48:12 UTC),4/7/2018 7:12:02 AM (2018-04-07 12:12:02 UTC)
439636,LRTHSd87.E01/Pwerc2fq/NONAME [NTFS]/[root]/Users/username/AppData/Local/Temp/Rar$ML4076.4985/New folder (2).rar/New folder (2)/new folder/1374290jh21206.jpg,JPEG EXIF,n/a,1792792,54212f67d853c14b9488aa3e7e08b0d4,n/a,n/a,4/7/2018 2:12:02 AM (2018-04-07 07:12:02 UTC)
df975,LRTHSd87.E01/Pwerc2fq/NONAME [NTFS]/[root]/Users/username/Desktop/New folder (2)/new folder/13wsx958396.jpg,Unknown,299008,298119,789365886ca92a60ac062365f357a25b,5/5/2018 1:48:12 AM (2018-05-05 06:48:12 UTC),5/5/2018 1:48:12 AM (2018-05-05 06:48:12 UTC),4/7/2018 7:08:22 AM (2018-04-07 12:08:22 UTC)
439638,LRTHSd87.E01/Pwerc2fq/NONAME [NTFS]/[root]/Users/username/AppData/Local/Temp/Rar$ML4076.4985/New folder (2).rar/New folder (2)/new folder/13782317ert58396.jpg,Unknown,n/a,298119,789365886ca92a60ac062365f357a25b,n/a,n/a,4/7/2018 2:08:22 AM (2018-04-07 07:08:22 UTC)
df531,LRTHSd87.E01/Pwerc2fq/NONAME [NTFS]/[root]/Users/username/Desktop/New folder (2)/new folder/13sdfc943.jpg,JPEG,286720,283076,508749cff231d3272d4e9a0cf6318698,5/5/2018 1:48:16 AM (2018-05-05 06:48:16 UTC),5/5/2018 1:48:16 AM (2018-05-05 06:48:16 UTC),4/7/2018 7:08:26 AM (2018-04-07 12:08:26 UTC)
439639,LRTHSd87.E01/Pwerc2fq/NONAME [NTFS]/[root]/Users/username/AppData/Local/Temp/Rar$ML4076.4985/New folder (2).rar/New folder (2)/new folder/13ewfd43.jpg,JPEG,n/a,283076,508749cff231d3272d4e9a0cf6318698,n/a,n/a,4/7/2018 2:08:26 AM (2018-04-07 07:08:26 UTC)
sfg5987,LRTHSd87.E01/Pwerc2fq/NONAME [NTFS]/[root]/Users/username/Desktop/New folder (2)/new folder/pm/13ttgb.jpg,PNG,344064,343620,9cacefe51ebe38f491a7927220535661,5/7/2018 5:50:37 AM (2018-05-07 10:50:37 UTC),5/7/2018 5:50:37 AM (2018-05-07 10:50:37 UTC),5/7/2018 5:50:37 AM (2018-05-07 10:50:37 UTC)
447089,LRTHSd87.E01/Pwerc2fq/NONAME [NTFS]/[root]/Users/username/AppData/Local/Temp/Rar$ML4076.4985/New folder (2).rar/New folder (2)/new folder/pm/1thj6.jpg,PNG,n/a,343620,9cacefe51ebe38f491a7927220535661,n/a,n/a,5/7/2018 12:50:36 AM (2018-05-07 05:50:36 UTC)
df524,LRTHSd87.E01/Pwerc2fq/NONAME [NTFS]/[root]/Users/username/Desktop/New folder (2)/new folder/1safdghj01.jpg,JPEG,425984,424499,6a0a3485bb0dc5eac8c4f5e04a26acba,5/5/2018 1:48:16 AM (2018-05-05 06:48:16 UTC),5/5/2018 1:48:16 AM (2018-05-05 06:48:16 UTC),4/7/2018 7:12:10 AM (2018-04-07 12:12:10 UTC)
439647,LRTHSd87.E01/Pwerc2fq/NONAME [NTFS]/[root]/Users/username/AppData/Local/Temp/Rar$ML4076.4985/New folder (2).rar/New folder (2)/new folder/3erfd301.jpg,JPEG,n/a,424499,6a0a3485bb0dc5eac8c4f5e04a26acba,n/a,n/a,4/7/2018 2:12:10 AM (2018-04-07 07:12:10 UTC)
df953,LRTHSd87.E01/Pwerc2fq/NONAME [NTFS]/[root]/Users/username/Desktop/New folder (2)/new folder/rght54026680.jpg,JPEG,192512,189961,a6081468c683492d22880baaee5c5efe,5/5/2018 1:48:15 AM (2018-05-05 06:48:15 UTC),5/5/2018 1:48:15 AM (2018-05-05 06:48:15 UTC),4/7/2018 7:08:24 AM (2018-04-07 12:08:24 UTC)
439648,LRTHSd87.E01/Pwerc2fq/NONAME [NTFS]/[root]/Users/username/AppData/Local/Temp/Rar$ML4076.4985/New folder (2).rar/New folder (2)/new folder/rght54026680.jpg,JPEG,n/a,189961,a6081468c683492d22880baaee5c5efe,n/a,n/a,4/7/2018 2:08:24 AM (2018-04-07 07:08:24 UTC)
df952,LRTHSd87.E01/Pwerc2fq/NONAME [NTFS]/[root]/Users/username/Desktop/New folder (2)/new folder/rght54126441.jpg,JPEG EXIF,954368,952859,81da2d3fa05926f73c672b0aa626c3c6,5/5/2018 1:48:15 AM (2018-05-05 06:48:15 UTC),5/5/2018 1:48:15 AM (2018-05-05 06:48:15 UTC),4/7/2018 7:18:32 AM (2018-04-07 12:18:32 UTC)
439649,LRTHSd87.E01/Pwerc2fq/NONAME [NTFS]/[root]/Users/username/AppData/Local/Temp/Rar$ML4076.4985/New folder (2).rar/New folder (2)/new folder/rght54126441.jpg,JPEG EXIF,n/a,952859,81da2d3fa05926f73c672b0aa626c3c6,n/a,n/a,4/7/2018 2:18:32 AM (2018-04-07 07:18:32 UTC)
df951,LRTHSd87.E01/Pwerc2fq/NONAME [NTFS]/[root]/Users/username/Desktop/New folder (2)/new folder/rght54379567.jpg,JPEG,61440,57807,c1740f58a3f4f57ca5721483b36ffa84,5/5/2018 1:48:15 AM (2018-05-05 06:48:15 UTC),5/5/2018 1:48:15 AM (2018-05-05 06:48:15 UTC),4/7/2018 7:18:34 AM (2018-04-07 12:18:34 UTC)
439650,LRTHSd87.E01/Pwerc2fq/NONAME [NTFS]/[root]/Users/username/AppData/Local/Temp/Rar$ML4076.4985/New folder (2).rar/New folder (2)/new folder/rght54379567.jpg,JPEG,n/a,57807,c1740f58a3f4f57ca5721483b36ffa84,n/a,n/a,4/7/2018 2:18:34 AM (2018-04-07 07:18:34 UTC)
df550,LRTHSd87.E01/Pwerc2fq/NONAME [NTFS]/[root]/Users/username/Desktop/New folder (2)/new folder/14erfgbh789.jpg,JPEG EXIF,3375104,3372641,38cd659ee0698f507ff03b9b59769427,5/5/2018 1:48:15 AM (2018-05-05 06:48:15 UTC),5/5/2018 1:48:15 AM (2018-05-05 06:48:15 UTC),4/7/2018 7:18:34 AM (2018-04-07 12:18:34 UTC)
439651,LRTHSd87.E01/Pwerc2fq/NONAME [NTFS]/[root]/Users/username/AppData/Local/Temp/Rar$ML4076.4985/New folder (2).rar/New folder (2)/new folder/1tyh9.jpg,JPEG EXIF,n/a,3372641,38cd659ee0698f507ff03b9b59769427,n/a,n/a,4/7/2018 2:18:34 AM (2018-04-07 07:18:34 UTC)
df547,LRTHSd87.E01/Pwerc2fq/NONAME [NTFS]/[root]/Users/username/Desktop/New folder (2)/new folder/1486dfg9565.jpg,JPEG EXIF,319488,316670,44fab8c44fe5fa4a5de920db6a31bb41,5/5/2018 1:48:15 AM (2018-05-05 06:48:15 UTC),5/5/2018 1:48:15 AM (2018-05-05 06:48:15 UTC),4/7/2018 7:12:06 AM (2018-04-07 12:12:06 UTC)
439654,LRTHSd87.E01/Pwerc2fq/NONAME [NTFS]/[root]/Users/username/AppData/Local/Temp/Rar$ML4076.4985/New folder (2).rar/New folder (2)/new folder/140hj565.jpg,JPEG EXIF,n/a,316670,44fab8c44fe5fa4a5de920db6a31bb41,n/a,n/a,4/7/2018 2:12:06 AM (2018-04-07 07:12:06 UTC)
231742,LRTHSd87.E01/Pwerc2fq/NONAME [NTFS]/[root]/Users/username/Desktop/New folder (2)/new folder/1sad2443STr.jpg,JPEG,24576,df04,bdb6b9b844227f8834c472e9a3ec8e2b,5/5/2018 1:47:45 AM (2018-05-05 06:47:45 UTC),5/5/2018 1:47:45 AM (2018-05-05 06:47:45 UTC),4/7/2018 7:14:44 AM (2018-04-07 12:14:44 UTC)
439657,LRTHSd87.E01/Pwerc2fq/NONAME [NTFS]/[root]/Users/username/AppData/Local/Temp/Rar$ML4076.4985/New folder (2).rar/New folder (2)/new folder/14112443STr.jpg,JPEG,n/a,df04,bdb6b9b844227f8834c472e9a3ec8e2b,n/a,n/a,4/7/2018 2:14:44 AM (2018-04-07 07:14:44 UTC)
df544,LRTHSd87.E01/Pwerc2fq/NONAME [NTFS]/[root]/Users/username/Desktop/New folder (2)/new folder/141fgy.jpg,JPEG EXIF,647168,643527,63e608e05c1d1d67bd6b7afb60fcb87d,5/5/2018 1:48:15 AM (2018-05-05 06:48:15 UTC),5/5/2018 1:48:15 AM (2018-05-05 06:48:15 UTC),4/7/2018 7:12:06 AM (2018-04-07 12:12:06 UTC)
439658,LRTHSd87.E01/Pwerc2fq/NONAME [NTFS]/[root]/Users/username/AppData/Local/Temp/Rar$ML4076.4985/New folder (2).rar/New folder (2)/new folder/141dgsopy.jpg,JPEG EXIF,n/a,643527,63e608e05c1d1d67bd6b7afb60fcb87d,n/a,n/a,4/7/2018 2:12:06 AM (2018-04-07 07:12:06 UTC)
217612,LRTHSd87.E01/Pwerc2fq/NONAME [NTFS]/[root]/Users/username/Desktop/New folder (2)/new folder/pm/141sdfg80698.jpg,JPEG,86016,83865,bf3d7fe62ea7400c00362aaab941efab,5/7/2018 6:35:50 AM (2018-05-07 11:35:50 UTC),5/7/2018 6:35:50 AM (2018-05-07 11:35:50 UTC),5/7/2018 6:35:51 AM (2018-05-07 11:35:51 UTC)
447090,LRTHSd87.E01/Pwerc2fq/NONAME [NTFS]/[root]/Users/username/AppData/Local/Temp/Rar$ML4076.4985/New folder (2).rar/New folder (2)/new folder/pm/141622yuk698.jpg,JPEG,n/a,83865,bf3d7fe62ea7400c00362aaab941efab,n/a,n/a,5/7/2018 1:35:50 AM (2018-05-07 06:35:50 UTC)
232032,LRTHSd87.E01/Pwerc2fq/NONAME [NTFS]/[root]/Users/username/Desktop/New folder (2)/new folder/sdaf5351.jpg,JPEG,106496,104159,47374f13da08d80fa9bf6012bbcb9583,5/5/2018 1:47:43 AM (2018-05-05 06:47:43 UTC),5/5/2018 1:47:43 AM (2018-05-05 06:47:43 UTC),4/7/2018 7:10:10 AM (2018-04-07 12:10:10 UTC)
439703,LRTHSd87.E01/Pwerc2fq/NONAME [NTFS]/[root]/Users/username/AppData/Local/Temp/Rar$ML4076.4985/New folder (2).rar/New folder (2)/new folder/sdaf5351.jpg,JPEG,n/a,104159,47374f13da08d80fa9bf6012bbcb9583,n/a,n/a,4/7/2018 2:10:10 AM (2018-04-07 07:10:10 UTC)
232031,LRTHSd87.E01/Pwerc2fq/NONAME [NTFS]/[root]/Users/username/Desktop/New folder (2)/new folder/sdaf5537.jpg,JPEG,77824,76667,3fbe7706f4d808dde7401666e9b6c2e1,5/5/2018 1:47:43 AM (2018-05-05 06:47:43 UTC),5/5/2018 1:47:43 AM (2018-05-05 06:47:43 UTC),4/7/2018 7:10:12 AM (2018-04-07 12:10:12 UTC)
439704,LRTHSd87.E01/Pwerc2fq/NONAME [NTFS]/[root]/Users/username/AppData/Local/Temp/Rar$ML4076.4985/New folder (2).rar/New folder (2)/new folder/sdaf5537.jpg,JPEG,n/a,76667,3fbe7706f4d808dde7401666e9b6c2e1,n/a,n/a,4/7/2018 2:10:12 AM (2018-04-07 07:10:12 UTC)
232030,LRTHSd87.E01/Pwerc2fq/NONAME [NTFS]/[root]/Users/username/Desktop/New folder (2)/new folder/sdaf5113.jpg,JPEG,45056,41206,9a9bfc4fdd92af47f09643ba5a89cdbd,5/5/2018 1:47:43 AM (2018-05-05 06:47:43 UTC),5/5/2018 1:47:43 AM (2018-05-05 06:47:43 UTC),4/7/2018 7:10:12 AM (2018-04-07 12:10:12 UTC)
439705,LRTHSd87.E01/Pwerc2fq/NONAME [NTFS]/[root]/Users/username/AppData/Local/Temp/Rar$ML4076.4985/New folder (2).rar/New folder (2)/new folder/sdaf5113.jpg,JPEG,n/a,41206,9a9bfc4fdd92af47f09643ba5a89cdbd,n/a,n/a,4/7/2018 2:10:12 AM (2018-04-07 07:10:12 UTC)
232029,LRTHSd87.E01/Pwerc2fq/NONAME [NTFS]/[root]/Users/username/Desktop/New folder (2)/new folder/kjsf142.jpg,JPEG EXIF,946176,942529,eef448463381d19ab276fa90f47ef4f8,5/5/2018 1:47:43 AM (2018-05-05 06:47:43 UTC),5/5/2018 1:47:43 AM (2018-05-05 06:47:43 UTC),4/7/2018 7:10:12 AM (2018-04-07 12:10:12 UTC)
439706,LRTHSd87.E01/Pwerc2fq/NONAME [NTFS]/[root]/Users/username/AppData/Local/Temp/Rar$ML4076.4985/New folder (2).rar/New folder (2)/new folder/kjsf142.jpg,JPEG EXIF,n/a,942529,eef448463381d19ab276fa90f47ef4f8,n/a,n/a,4/7/2018 2:10:12 AM (2018-04-07 07:10:12 UTC)
232028,LRTHSd87.E01/Pwerc2fq/NONAME [NTFS]/[root]/Users/username/Desktop/New folder (2)/new folder/kjsf143.jpg,JPEG EXIF,954368,951847,373e3e437a1aad42b472dc3aeb26c8f3,5/5/2018 1:47:43 AM (2018-05-05 06:47:43 UTC),5/5/2018 1:47:43 AM (2018-05-05 06:47:43 UTC),4/7/2018 7:07:50 AM (2018-04-07 12:07:50 UTC)
439707,LRTHSd87.E01/Pwerc2fq/NONAME [NTFS]/[root]/Users/username/AppData/Local/Temp/Rar$ML4076.4985/New folder (2).rar/New folder (2)/new folder/kjsf143.jpg,JPEG EXIF,n/a,951847,373e3e437a1aad42b472dc3aeb26c8f3,n/a,n/a,4/7/2018 2:07:50 AM (2018-04-07 07:07:50 UTC)
232027,LRTHSd87.E01/Pwerc2fq/NONAME [NTFS]/[root]/Users/username/Desktop/New folder (2)/new folder/kjsf370.jpg,JPEG EXIF,200704,197748,75e96c6564cc05314aaba51c39b62d61,5/5/2018 1:47:43 AM (2018-05-05 06:47:43 UTC),5/5/2018 1:47:43 AM (2018-05-05 06:47:43 UTC),4/7/2018 7:07:50 AM (2018-04-07 12:07:50 UTC)
439708,LRTHSd87.E01/Pwerc2fq/NONAME [NTFS]/[root]/Users/username/AppData/Local/Temp/Rar$ML4076.4985/New folder (2).rar/New folder (2)/new folder/kjsf370.jpg,JPEG EXIF,n/a,197748,75e96c6564cc05314aaba51c39b62d61,n/a,n/a,4/7/2018 2:07:50 AM (2018-04-07 07:07:50 UTC)
sfg5979,LRTHSd87.E01/Pwerc2fq/NONAME [NTFS]/[root]/Users/username/Desktop/New folder (2)/new folder/pm/sfdsd747.jpg,Unknown,126976,124806,791951a2f6f7174abf7801dbc5939529,5/7/2018 6:00:40 AM (2018-05-07 11:00:40 UTC),5/7/2018 6:00:40 AM (2018-05-07 11:00:40 UTC),5/7/2018 6:00:40 AM (2018-05-07 11:00:40 UTC)
447106,LRTHSd87.E01/Pwerc2fq/NONAME [NTFS]/[root]/Users/username/AppData/Local/Temp/Rar$ML4076.4985/New folder (2).rar/New folder (2)/new folder/pm/sfdsd747.jpg,Unknown,n/a,124806,791951a2f6f7174abf7801dbc5939529,n/a,n/a,5/7/2018 1:00:40 AM (2018-05-07 06:00:40 UTC)
232026,LRTHSd87.E01/Pwerc2fq/NONAME [NTFS]/[root]/Users/username/Desktop/New folder (2)/new folder/sd8fd8343.jpg,JPEG,61440,58904,f4f4e9074f483d197820fa7187947e94,5/5/2018 1:47:43 AM (2018-05-05 06:47:43 UTC),5/5/2018 1:47:43 AM (2018-05-05 06:47:43 UTC),4/7/2018 7:14:32 AM (2018-04-07 12:14:32 UTC)
439717,LRTHSd87.E01/Pwerc2fq/NONAME [NTFS]/[root]/Users/username/AppData/Local/Temp/Rar$ML4076.4985/New folder (2).rar/New folder (2)/new folder/18asdf43.jpg,JPEG,n/a,58904,f4f4e9074f483d197820fa7187947e94,n/a,n/a,4/7/2018 2:14:32 AM (2018-04-07 07:14:32 UTC)
232025,LRTHSd87.E01/Pwerc2fq/NONAME [NTFS]/[root]/Users/username/Desktop/New folder (2)/new folder/19sdr.jpg,JPEG EXIF,106496,103401,d4fd39376a9b1d26334b0bc15f1f938e,5/5/2018 1:47:43 AM (2018-05-05 06:47:43 UTC),5/5/2018 1:47:43 AM (2018-05-05 06:47:43 UTC),4/7/2018 7:14:34 AM (2018-04-07 12:14:34 UTC)
439720,LRTHSd87.E01/Pwerc2fq/NONAME [NTFS]/[root]/Users/username/AppData/Local/Temp/Rar$ML4076.4985/New folder (2).rar/New folder (2)/new folder/19sadf5.jpg,JPEG EXIF,n/a,103401,d4fd39376a9b1d26334b0bc15f1f938e,n/a,n/a,4/7/2018 2:14:34 AM (2018-04-07 07:14:34 UTC)
df522,LRTHSd87.E01/Pwerc2fq/NONAME [NTFS]/[root]/Users/username/Desktop/New folder (2)/new folder/20sgoxdfxz.jpg,JPEG EXIF,61440,58281,20078cb449cf73b4444bc853be9fd0f2,5/5/2018 1:48:16 AM (2018-05-05 06:48:16 UTC),5/5/2018 1:48:16 AM (2018-05-05 06:48:16 UTC),4/7/2018 7:12:10 AM (2018-04-07 12:12:10 UTC)
439743,LRTHSd87.E01/Pwerc2fq/NONAME [NTFS]/[root]/Users/username/AppData/Local/Temp/Rar$ML4076.4985/New folder (2).rar/New folder (2)/new folder/20100asdfoxdfxz.jpg,JPEG EXIF,n/a,58281,20078cb449cf73b4444bc853be9fd0f2,n/a,n/a,4/7/2018 2:12:10 AM (2018-04-07 07:12:10 UTC)
231118,LRTHSd87.E01/Pwerc2fq/NONAME [NTFS]/[root]/Users/username/Desktop/New folder (2)/new folder/2redtf8.jpg,JPEG,28672,27395,0004d9b10c20e3795adfb4869908a37,5/5/2018 1:47:48 AM (2018-05-05 06:47:48 UTC),5/5/2018 1:47:48 AM (2018-05-05 06:47:48 UTC),4/7/2018 7:07:56 AM (2018-04-07 12:07:56 UTC)
439757,LRTHSd87.E01/Pwerc2fq/NONAME [NTFS]/[root]/Users/username/AppData/Local/Temp/Rar$ML4076.4985/New folder (2).rar/New folder (2)/new folder/20f78.jpg,JPEG,n/a,27395,0004d9b10c20e3795adfb4869908a37,n/a,n/a,4/7/2018 2:07:56 AM (2018-04-07 07:07:56 UTC)
232038,LRTHSd87.E01/Pwerc2fq/NONAME [NTFS]/[root]/Users/username/Desktop/New folder (2)/new folder/sfg525.jpg,JPEG EXIF,565248,563581,06ab2ac3240de2e793c264a8b76dbb41,5/5/2018 1:47:43 AM (2018-05-05 06:47:43 UTC),5/5/2018 1:47:43 AM (2018-05-05 06:47:43 UTC),4/7/2018 7:07:50 AM (2018-04-07 12:07:50 UTC)
439771,LRTHSd87.E01/Pwerc2fq/NONAME [NTFS]/[root]/Users/username/AppData/Local/Temp/Rar$ML4076.4985/New folder (2).rar/New folder (2)/new folder/sfg525.jpg,JPEG EXIF,n/a,563581,06ab2ac3240de2e793c264a8b76dbb41,n/a,n/a,4/7/2018 2:07:50 AM (2018-04-07 07:07:50 UTC)
421267,LRTHSd87.E01/Pwerc2fq/NONAME [NTFS]/[root]/Users/username/Desktop/New folder (2)/new folder/pm/vw/lksfijklesdf.rar/22182841rCK.jpg,JPEG,n/a,44728,6202d08e7defee6e296f9b443ba80bcb,n/a,n/a,10/28/2013 5:56:52 AM (2013-10-28 10:56:52 UTC)
439781,LRTHSd87.E01/Pwerc2fq/NONAME [NTFS]/[root]/Users/username/AppData/Local/Temp/Rar$ML4076.4985/New folder (2).rar/New folder (2)/new folder/22182841rCK.jpg,JPEG,n/a,44728,6202d08e7defee6e296f9b443ba80bcb,n/a,n/a,10/28/2013 5:56:52 AM (2013-10-28 10:56:52 UTC)
58df8,LRTHSd87.E01/Pwerc2fq/NONAME [NTFS]/[root]/Users/username/AppData/Local/Temp/Rar$ML4076.4985/New folder (2).rar/New folder (2)/new folder/pm/vw/lksfijklesdf.rar/22182841rCK.jpg,JPEG,n/a,44728,6202d08e7defee6e296f9b443ba80bcb,n/a,n/a,10/28/2013 5:56:52 AM (2013-10-28 10:56:52 UTC)
220202,LRTHSd87.E01/Pwerc2fq/NONAME [NTFS]/[root]/Users/username/Desktop/New folder (2)/new folder/pm/df620.jpg,JPEG,139264,135627,1ef94df49680be9450355af74608bb23,5/7/2018 5:54:58 AM (2018-05-07 10:54:58 UTC),5/7/2018 5:54:58 AM (2018-05-07 10:54:58 UTC),5/7/2018 5:54:58 AM (2018-05-07 10:54:58 UTC)
447125,LRTHSd87.E01/Pwerc2fq/NONAME [NTFS]/[root]/Users/username/AppData/Local/Temp/Rar$ML4076.4985/New folder (2).rar/New folder (2)/new folder/pm/df620.jpg,JPEG,n/a,135627,1ef94df49680be9450355af74608bb23,n/a,n/a,5/7/2018 12:54:58 AM (2018-05-07 05:54:58 UTC)
sfg5920,LRTHSd87.E01/Pwerc2fq/NONAME [NTFS]/[root]/Users/username/Desktop/New folder (2)/new folder/pm/df621.jpg,JPEG,131072,127632,5eaf1eec72f2db8788cd15499c8bd140,5/7/2018 5:45:06 AM (2018-05-07 10:45:06 UTC),5/7/2018 5:45:06 AM (2018-05-07 10:45:06 UTC),5/7/2018 5:45:06 AM (2018-05-07 10:45:06 UTC)
447126,LRTHSd87.E01/Pwerc2fq/NONAME [NTFS]/[root]/Users/username/AppData/Local/Temp/Rar$ML4076.4985/New folder (2).rar/New folder (2)/new folder/pm/df621.jpg,JPEG,n/a,127632,5eaf1eec72f2db8788cd15499c8bd140,n/a,n/a,5/7/2018 12:45:06 AM (2018-05-07 05:45:06 UTC)
232020,LRTHSd87.E01/Pwerc2fq/NONAME [NTFS]/[root]/Users/username/Desktop/New folder (2)/new folder/df913.jpg,JPEG EXIF,135168,133197,5583e5bbcb51e40a29be62929d12e676,5/5/2018 1:47:44 AM (2018-05-05 06:47:44 UTC),5/5/2018 1:47:44 AM (2018-05-05 06:47:44 UTC),4/7/2018 7:10:12 AM (2018-04-07 12:10:12 UTC)
439783,LRTHSd87.E01/Pwerc2fq/NONAME [NTFS]/[root]/Users/username/AppData/Local/Temp/Rar$ML4076.4985/New folder (2).rar/New folder (2)/new folder/df913.jpg,JPEG EXIF,n/a,133197,5583e5bbcb51e40a29be62929d12e676,n/a,n/a,4/7/2018 2:10:12 AM (2018-04-07 07:10:12 UTC)
232037,LRTHSd87.E01/Pwerc2fq/NONAME [NTFS]/[root]/Users/username/Desktop/New folder (2)/new folder/df56.jpg,JPEG EXIF,225280,222084,060c87e578a21190d0bb908ce1a8da29,5/5/2018 1:47:43 AM (2018-05-05 06:47:43 UTC),5/5/2018 1:47:43 AM (2018-05-05 06:47:43 UTC),4/7/2018 7:14:30 AM (2018-04-07 12:14:30 UTC)
439820,LRTHSd87.E01/Pwerc2fq/NONAME [NTFS]/[root]/Users/username/AppData/Local/Temp/Rar$ML4076.4985/New folder (2).rar/New folder (2)/new folder/df56.jpg,JPEG EXIF,n/a,222084,060c87e578a21190d0bb908ce1a8da29,n/a,n/a,4/7/2018 2:14:30 AM (2018-04-07 07:14:30 UTC)
220539,LRTHSd87.E01/Pwerc2fq/NONAME [NTFS]/[root]/Users/username/Desktop/New folder (2)/new folder/pm/2sfd4.jpg,JPEG,45056,41867,154d1f6b1798c83644405d61d230e1c7,5/7/2018 5:15:00 AM (2018-05-07 10:15:00 UTC),5/7/2018 5:15:00 AM (2018-05-07 10:15:00 UTC),5/7/2018 5:15:00 AM (2018-05-07 10:15:00 UTC)
447136,LRTHSd87.E01/Pwerc2fq/NONAME [NTFS]/[root]/Users/username/AppData/Local/Temp/Rar$ML4076.4985/New folder (2).rar/New folder (2)/new folder/pm/24.jpg,JPEG,n/a,41867,154d1f6b1798c83644405d61d230e1c7,n/a,n/a,5/7/2018 12:15:00 AM (2018-05-07 05:15:00 UTC)
232019,LRTHSd87.E01/Pwerc2fq/NONAME [NTFS]/[root]/Users/username/Desktop/New folder (2)/new folder/df588.jpg,JPEG,77824,74524,b5785033b5c82139543a176129551761,5/5/2018 1:47:44 AM (2018-05-05 06:47:44 UTC),5/5/2018 1:47:44 AM (2018-05-05 06:47:44 UTC),4/7/2018 7:10:14 AM (2018-04-07 12:10:14 UTC)
439829,LRTHSd87.E01/Pwerc2fq/NONAME [NTFS]/[root]/Users/username/AppData/Local/Temp/Rar$ML4076.4985/New folder (2).rar/New folder (2)/new folder/dfsdf588.jpg,JPEG,n/a,74524,b5785033b5c82139543a176129551761,n/a,n/a,4/7/2018 2:10:14 AM (2018-04-07 07:10:14 UTC)
,,,,,,,,
,,,,,,,,
,,,,,,,,
,,,,,,,,
,,,,,,,,
,,,,,,,,
,,,,,,,,
,,,,,,,,
,,,,,,,,
,,,,,,,,
,,,,,,,,
,,,,,,,,
,,,,,,,,
,,,,,,,,
,,,,,,,,
,,,,,,,,
,,,,,,,,
,,,,,,,,
,,,,,,,,
,,,,,,,,
,,,,,,,,
,,,,,,,,
,,,,,,,,
,,,,,,,,
,,,,,,,,
,,,,,,,,
,,,,,,,,
,,,,,,,,
,,,,,,,,
,,,,,,,,
,,,,,,,,
,,,,,,,,
,,,,,,,,
,,,,,,,,
,,,,,,,,
,,,,,,,,
,,,,,,,,
,,,,,,,,
,,,,,,,,
,,,,,,,,
,,,,,,,,
,,,,,,,,
,,,,,,,,
,,,,,,,,
,,,,,,,,
,,,,,,,,
,,,,,,,,
,,,,,,,,
,,,,,,,,
,,,,,,,,
,,,,,,,,
,,,,,,,,
,,,,,,,,
,,,,,,,,
,,,,,,,,
,,,,,,,,
,,,,,,,,
,,,,,,,,
,,,,,,,,
,,,,,,,,
,,,,,,,,
,,,,,,,,
,,,,,,,,
,,,,,,,,
,,,,,,,,
,,,,,,,,
,,,,,,,,
,,,,,,,,
,,,,,,,,
,,,,,,,,
,,,,,,,,
,,,,,,,,
,,,,,,,,
,,,,,,,,
,,,,,,,,
,,,,,,,,
,,,,,,,,
,,,,,,,,
,,,,,,,,
,,,,,,,,
,,,,,,,,
,,,,,,,,
,,,,,,,,
,,,,,,,,
,,,,,,,,
,,,,,,,,
,,,,,,,,
,,,,,,,,
,,,,,,,,
,,,,,,,,
,,,,,,,,
,,,,,,,,
,,,,,,,,
,,,,,,,,
,,,,,,,,
,,,,,,,,
,,,,,,,,
,,,,,,,,
,,,,,,,,
,,,,,,,,
,,,,,,,,
,,,,,,,,
,,,,,,,,
,,,,,,,,
,,,,,,,,
,,,,,,,,
,,,,,,,,
,,,,,,,,
,,,,,,,,
,,,,,,,,
,,,,,,,,
,,,,,,,,
,,,,,,,,
,,,,,,,,
,,,,,,,,
,,,,,,,,
,,,,,,,,
,,,,,,,,
,,,,,,,,
,,,,,,,,
,,,,,,,,
,,,,,,,,
,,,,,,,,
,,,,,,,,
,,,,,,,,
,,,,,,,,
,,,,,,,,
,,,,,,,,
,,,,,,,,
,,,,,,,,
,,,,,,,,
,,,,,,,,
,,,,,,,,
,,,,,,,,
,,,,,,,,
,,,,,,,,
,,,,,,,,
,,,,,,,,
,,,,,,,,
,,,,,,,,
,,,,,,,,
,,,,,,,,
,,,,,,,,
,,,,,,,,
,,,,,,,,
,,,,,,,,
,,,,,,,,
,,,,,,,,
,,,,,,,,
,,,,,,,,
,,,,,,,,
,,,,,,,,
,,,,,,,,
